{
  "credit": "Made with Blockbench",
  "texture_size": [64, 64],
  "textures": {
    "2": "minecraft:item/astral_sword",
    "particle": "minecraft:item/astral_sword"
  },
  "elements": [
    {
      "from": [7, 3.5, 7],
      "to": [9, 4.5, 9],
      "rotation": {"angle": 0, "axis": "y", "origin": [8.5, 2, 8]},
      "faces": {
        "north": {"uv": [7, 1.75, 7.5, 2], "texture": "#2"},
        "east": {"uv": [3.5, 7, 4, 7.25], "texture": "#2"},
        "south": {"uv": [7, 4.75, 7.5, 5], "texture": "#2"},
        "west": {"uv": [7, 5, 7.5, 5.25], "texture": "#2"},
        "up": {"uv": [6.75, 5.25, 6.25, 4.75], "texture": "#2"},
        "down": {"uv": [5.5, 6.25, 5, 6.75], "texture": "#2"}
      }
    },
    {
      "from": [4, 7.75, 7.5],
      "to": [6, 8.75, 8.5],
      "rotation": {"angle": -22.5, "axis": "z", "origin": [5.5, 6.25, 8]},
      "faces": {
        "north": {"uv": [7, 5.25, 7.5, 5.5], "texture": "#2"},
        "east": {"uv": [6.75, 1.25, 7, 1.5], "texture": "#2"},
        "south": {"uv": [7, 5.5, 7.5, 5.75], "texture": "#2"},
        "west": {"uv": [6.75, 3, 7, 3.25], "texture": "#2"},
        "up": {"uv": [7.5, 6, 7, 5.75], "texture": "#2"},
        "down": {"uv": [7.5, 6, 7, 6.25], "texture": "#2"}
      }
    },
    {
      "from": [5, 6, 7.5],
      "to": [6.25, 7.25, 8.5],
      "rotation": {"angle": 22.5, "axis": "z", "origin": [5.5, 8.75, 8]},
      "faces": {
        "north": {"uv": [6.75, 6.25, 7.125, 6.625], "texture": "#2"},
        "east": {"uv": [7.25, 0, 7.5, 0.375], "texture": "#2"},
        "south": {"uv": [6.5, 6.75, 6.875, 7.125], "texture": "#2"},
        "west": {"uv": [7.25, 0.5, 7.5, 0.875], "texture": "#2"},
        "up": {"uv": [7.625, 2.25, 7.25, 2], "texture": "#2"},
        "down": {"uv": [7.625, 3.25, 7.25, 3.5], "texture": "#2"}
      }
    },
    {
      "from": [4.75, 7.75, 7.75],
      "to": [6.25, 8.25, 8.25],
      "rotation": {"angle": 22.5, "axis": "z", "origin": [5.75, 6.25, 8.25]},
      "faces": {
        "north": {"uv": [7.5, 1.25, 7.875, 1.375], "texture": "#2"},
        "east": {"uv": [7.5, 3, 7.625, 3.125], "texture": "#2"},
        "south": {"uv": [1.5, 7.5, 1.875, 7.625], "texture": "#2"},
        "west": {"uv": [3.25, 7.5, 3.375, 7.625], "texture": "#2"},
        "up": {"uv": [7.875, 1.625, 7.5, 1.5], "texture": "#2"},
        "down": {"uv": [7.875, 1.75, 7.5, 1.875], "texture": "#2"}
      }
    },
    {
      "from": [7, 4.75, 7],
      "to": [9, 5.25, 9],
      "rotation": {"angle": 0, "axis": "y", "origin": [8.5, 3.25, 8]},
      "faces": {
        "north": {"uv": [6.5, 7.25, 7, 7.375], "texture": "#2"},
        "east": {"uv": [7.25, 6.5, 7.75, 6.625], "texture": "#2"},
        "south": {"uv": [7, 7.25, 7.5, 7.375], "texture": "#2"},
        "west": {"uv": [0, 7.5, 0.5, 7.625], "texture": "#2"},
        "up": {"uv": [6.75, 5.75, 6.25, 5.25], "texture": "#2"},
        "down": {"uv": [6, 6.25, 5.5, 6.75], "texture": "#2"}
      }
    },
    {
      "from": [7.25, 10.5, 7.5],
      "to": [8.75, 12, 8.5],
      "rotation": {"angle": 45, "axis": "z", "origin": [8, 11.25, 8]},
      "faces": {
        "north": {"uv": [0, 7, 0.375, 7.375], "texture": "#2"},
        "east": {"uv": [3.5, 7.25, 3.75, 7.625], "texture": "#2"},
        "south": {"uv": [0.5, 7, 0.875, 7.375], "texture": "#2"},
        "west": {"uv": [7.25, 3.5, 7.5, 3.875], "texture": "#2"},
        "up": {"uv": [7.625, 4.25, 7.25, 4], "texture": "#2"},
        "down": {"uv": [7.625, 4.25, 7.25, 4.5], "texture": "#2"}
      }
    },
    {
      "from": [4, 1.5, 8],
      "to": [12, 6.5, 8],
      "rotation": {"angle": 0, "axis": "y", "origin": [8.5, 3, 8]},
      "faces": {
        "north": {"uv": [4, 0, 6, 1.25], "texture": "#2"},
        "east": {"uv": [0, 0, 0, 1.25], "texture": "#2"},
        "south": {"uv": [6, 0, 4, 1.25], "texture": "#2"},
        "west": {"uv": [0, 0, 0, 1.25], "texture": "#2"},
        "up": {"uv": [2, 0, 0, 0], "texture": "#2"},
        "down": {"uv": [2, 0, 0, 0], "texture": "#2"}
      }
    },
    {
      "from": [6, -3.75, 8],
      "to": [10, 0.25, 8],
      "rotation": {"angle": 0, "axis": "y", "origin": [8.5, -3.25, 8]},
      "faces": {
        "north": {"uv": [4, 5.25, 5, 6.25], "texture": "#2"},
        "east": {"uv": [0, 0, 0, 1], "texture": "#2"},
        "south": {"uv": [5, 5.25, 6, 6.25], "texture": "#2"},
        "west": {"uv": [0, 0, 0, 1], "texture": "#2"},
        "up": {"uv": [1, 0, 0, 0], "texture": "#2"},
        "down": {"uv": [1, 0, 0, 0], "texture": "#2"}
      }
    },
    {
      "from": [7, 0, 7],
      "to": [9, 2, 9],
      "rotation": {"angle": 45, "axis": "z", "origin": [8, 1, 8]},
      "faces": {
        "north": {"uv": [6.25, 5.75, 6.75, 6.25], "texture": "#2"},
        "east": {"uv": [6.25, 6.25, 6.75, 6.75], "texture": "#2"},
        "south": {"uv": [6.5, 1.5, 7, 2], "texture": "#2"},
        "west": {"uv": [3.5, 6.5, 4, 7], "texture": "#2"},
        "up": {"uv": [7.25, 0.5, 6.75, 0], "texture": "#2"},
        "down": {"uv": [7.25, 0.5, 6.75, 1], "texture": "#2"}
      }
    },
    {
      "from": [7.5, 0.5, 6.875],
      "to": [8.5, 1.5, 9.125],
      "rotation": {"angle": 45, "axis": "z", "origin": [8, 1, 8.125]},
      "faces": {
        "north": {"uv": [3.75, 7.25, 4, 7.5], "texture": "#2"},
        "east": {"uv": [6.5, 2, 7.125, 2.25], "texture": "#2"},
        "south": {"uv": [7.5, 0, 7.75, 0.25], "texture": "#2"},
        "west": {"uv": [6.75, 1, 7.375, 1.25], "texture": "#2"},
        "up": {"uv": [7, 2.875, 6.75, 2.25], "texture": "#2"},
        "down": {"uv": [4.25, 6.75, 4, 7.375], "texture": "#2"}
      }
    },
    {
      "from": [7, -1, 7.5],
      "to": [8, 1.5, 8.5],
      "rotation": {"angle": 22.5, "axis": "z", "origin": [8, 0.5, 8]},
      "faces": {
        "north": {"uv": [4.25, 6.75, 4.5, 7.375], "texture": "#2"},
        "east": {"uv": [4.5, 6.75, 4.75, 7.375], "texture": "#2"},
        "south": {"uv": [4.75, 6.75, 5, 7.375], "texture": "#2"},
        "west": {"uv": [6.75, 4.75, 7, 5.375], "texture": "#2"},
        "up": {"uv": [7.75, 0.5, 7.5, 0.25], "texture": "#2"},
        "down": {"uv": [0.75, 7.5, 0.5, 7.75], "texture": "#2"}
      }
    },
    {
      "from": [4.25, 9, 8],
      "to": [11.75, 32, 8],
      "rotation": {"angle": 0, "axis": "y", "origin": [8, 9, 8]},
      "faces": {
        "north": {"uv": [0, 0, 1.875, 5.75], "texture": "#2"},
        "east": {"uv": [0, 0, 0, 5.75], "texture": "#2"},
        "south": {"uv": [1.875, 0, 0, 5.75], "texture": "#2"},
        "west": {"uv": [0, 0, 0, 5.75], "texture": "#2"},
        "up": {"uv": [1.875, 0, 0, 0], "texture": "#2"},
        "down": {"uv": [1.875, 0, 0, 0], "texture": "#2"}
      }
    },
    {
      "from": [7.25, 1, 7.25],
      "to": [8.75, 7.5, 8.75],
      "rotation": {"angle": 0, "axis": "y", "origin": [8, 1, 8]},
      "faces": {
        "north": {"uv": [1.5, 5.75, 1.875, 7.375], "texture": "#2"},
        "east": {"uv": [2, 5.75, 2.375, 7.375], "texture": "#2"},
        "south": {"uv": [2.5, 5.75, 2.875, 7.375], "texture": "#2"},
        "west": {"uv": [3, 5.75, 3.375, 7.375], "texture": "#2"},
        "up": {"uv": [1.375, 7.375, 1, 7], "texture": "#2"},
        "down": {"uv": [7.375, 1.25, 7, 1.625], "texture": "#2"}
      }
    },
    {
      "from": [10.25, 8, 7.5],
      "to": [11.25, 10.5, 8.5],
      "rotation": {"angle": -22.5, "axis": "z", "origin": [10.75, 8, 8]},
      "faces": {
        "north": {"uv": [5, 6.75, 5.25, 7.375], "texture": "#2"},
        "east": {"uv": [5.25, 6.75, 5.5, 7.375], "texture": "#2"},
        "south": {"uv": [5.5, 6.75, 5.75, 7.375], "texture": "#2"},
        "west": {"uv": [6.75, 5.5, 7, 6.125], "texture": "#2"},
        "up": {"uv": [7.75, 0.75, 7.5, 0.5], "texture": "#2"},
        "down": {"uv": [1, 7.5, 0.75, 7.75], "texture": "#2"}
      }
    },
    {
      "from": [8, 6.25, 7.25],
      "to": [11.5, 7.75, 8.75],
      "rotation": {"angle": 22.5, "axis": "z", "origin": [8, 7, 8]},
      "faces": {
        "north": {"uv": [6.25, 3.25, 7.125, 3.625], "texture": "#2"},
        "east": {"uv": [7, 2.25, 7.375, 2.625], "texture": "#2"},
        "south": {"uv": [6.25, 3.75, 7.125, 4.125], "texture": "#2"},
        "west": {"uv": [7, 2.75, 7.375, 3.125], "texture": "#2"},
        "up": {"uv": [4.875, 6.625, 4, 6.25], "texture": "#2"},
        "down": {"uv": [7.125, 4.25, 6.25, 4.625], "texture": "#2"}
      }
    },
    {
      "from": [6.52929, 6.25, 7],
      "to": [9.52929, 9.25, 9],
      "rotation": {"angle": -45, "axis": "z", "origin": [7.92929, 7.75, 7.5]},
      "faces": {
        "north": {"uv": [6, 0, 6.75, 0.75], "texture": "#2"},
        "east": {"uv": [3.5, 5.75, 4, 6.5], "texture": "#2"},
        "south": {"uv": [6, 0.75, 6.75, 1.5], "texture": "#2"},
        "west": {"uv": [6, 1.5, 6.5, 2.25], "texture": "#2"},
        "up": {"uv": [6.75, 2.75, 6, 2.25], "texture": "#2"},
        "down": {"uv": [6.75, 2.75, 6, 3.25], "texture": "#2"}
      }
    },
    {
      "from": [6.27929, 9.5, 7.75],
      "to": [7.27929, 10.5, 8.25],
      "rotation": {"angle": -45, "axis": "z", "origin": [6.67929, 10, 7.5]},
      "faces": {
        "north": {"uv": [7.5, 0.75, 7.75, 1], "texture": "#2"},
        "east": {"uv": [2, 7.5, 2.125, 7.75], "texture": "#2"},
        "south": {"uv": [1, 7.5, 1.25, 7.75], "texture": "#2"},
        "west": {"uv": [2.25, 7.5, 2.375, 7.75], "texture": "#2"},
        "up": {"uv": [7.75, 2.375, 7.5, 2.25], "texture": "#2"},
        "down": {"uv": [2.75, 7.5, 2.5, 7.625], "texture": "#2"}
      }
    },
    {
      "from": [6.25, 7.5, 7.85],
      "to": [9.75, 18.5, 8.15],
      "rotation": {"angle": 0, "axis": "y", "origin": [7.9, 14, 7.5]},
      "faces": {
        "north": {"uv": [4, 2.5, 4.875, 5.25], "texture": "#2"},
        "east": {"uv": [6, 3.25, 6.125, 6], "texture": "#2"},
        "south": {"uv": [5, 2.5, 5.875, 5.25], "texture": "#2"},
        "west": {"uv": [6, 6, 6.125, 8.75], "texture": "#2"},
        "up": {"uv": [7.875, 6.875, 7, 6.75], "texture": "#2"},
        "down": {"uv": [7.875, 7, 7, 7.125], "texture": "#2"}
      }
    },
    {
      "from": [6.75, 18.5, 7.85],
      "to": [9.25, 23.5, 8.15],
      "rotation": {"angle": 0, "axis": "y", "origin": [7.9, 25, 7.5]},
      "faces": {
        "north": {"uv": [0, 5.75, 0.625, 7], "texture": "#2"},
        "east": {"uv": [5.75, 6.75, 5.875, 8], "texture": "#2"},
        "south": {"uv": [0.75, 5.75, 1.375, 7], "texture": "#2"},
        "west": {"uv": [6.25, 6.75, 6.375, 8], "texture": "#2"},
        "up": {"uv": [7.875, 4.625, 7.25, 4.5], "texture": "#2"},
        "down": {"uv": [7.875, 6.25, 7.25, 6.375], "texture": "#2"}
      }
    },
    {
      "from": [8.72071, 9.5, 7.75],
      "to": [9.72071, 10.5, 8.25],
      "rotation": {"angle": 45, "axis": "z", "origin": [9.32071, 10, 7.5]},
      "faces": {
        "north": {"uv": [7.5, 1, 7.75, 1.25], "texture": "#2"},
        "east": {"uv": [7.5, 2.5, 7.625, 2.75], "texture": "#2"},
        "south": {"uv": [1.25, 7.5, 1.5, 7.75], "texture": "#2"},
        "west": {"uv": [2.75, 7.5, 2.875, 7.75], "texture": "#2"},
        "up": {"uv": [7.75, 2.875, 7.5, 2.75], "texture": "#2"},
        "down": {"uv": [3.25, 7.5, 3, 7.625], "texture": "#2"}
      }
    }
  ],
  "display": {
    "thirdperson_righthand": {
      "rotation": [-58.55, 89.54, 63.94],
      "translation": [0, 2.25, 1.5]
    },
    "thirdperson_lefthand": {
      "rotation": [-139.03, -88.84, -141.6],
      "translation": [0, 2.25, 1.25]
    },
    "firstperson_righthand": {
      "rotation": [-176.84, 82.93, 160.62],
      "translation": [1.13, 2.45, 0.13],
      "scale": [0.8, 0.8, 0.8]
    },
    "firstperson_lefthand": {
      "rotation": [7.61, -78.25, 16.76],
      "translation": [1.38, 2.45, -1.37],
      "scale": [0.8, 0.8, 0.8]
    },
    "ground": {
      "rotation": [29.88, 14.79, 51.95],
      "translation": [0, 2, 0]
    },
    "gui": {
      "rotation": [0, 0, -45],
      "translation": [-3.25, -3.25, 0],
      "scale": [0.8, 0.8, 0.8]
    },
    "fixed": {
      "rotation": [0, 0, 45],
      "translation": [3, -3, 0],
      "scale": [0.8, 0.8, 0.8]
    }
  },
  "groups": [
    {
      "name": "group",
      "origin": [8, 8, 8],
      "color": 0,
      "children": [
        0,
        1,
        2,
        3,
        4,
        5,
        6,
        7,
        8,
        9,
        10,
        11,
        12,
        13,
        14,
        {
          "name": "group",
          "origin": [11.25, 11.75, 7.55],
          "color": 0,
          "children": [15, 16, 17, 18, 19]
        }
      ]
    }
  ]
}
